FID,capa,CHAPA,ORDEN,FAMILIA,ESPECIE,NOMB_COMUN,NOTAS,ENLACE,UTM_X,UTM_Y,GRAD_X,GRAD_Y
0.0,ABC,SÍ,54.0,Bombacaceae,Chorisia speciosa,Palo borracho,"Árbol caducifolio, con la base de su tronco engrosada y con fuertes espinas. Tiene una floración espectacular, con grandes flores de hasta 15 cm, de pétalos de color rosa oscuro en exterior y crema en interior. Oriunda de Brasil, Paraguay y Argentina.", ,377311.389,3150232.62,-16.253277543,28.4729280569
1.0,ABC,SÍ,44.0,Caesalpiniaceae,Delonix regia,Flamboyant,"Árbol  caducifolio de porte aparasolado muy utilizado en jardinería. Espectacular por sus flores rojas, matizadas, que aparecen normalmente cuando el árbol aún no tiene hojas.Sus frutos son legumbres usadas como sonajero.Oriunda de Madagascar.", ,377265.837294,3150233.92567,-16.2537429064,28.4729355516
2.0,ABC,SÍ,13.0,Fabaceae,Erythrina caffra,Árbol coral,"Árbol de floración naranja-escarlata espectacular, con flores de aspecto de porcelana. Oriunda de África del sur.", ,377163.546,3150108.508,-16.2547742421,28.471794084
3.0,ABC,SÍ,5.0,Bignoniaceae,Jacaranda mimosaefolia,Jacaranda,"Árbol de floración azul-violeta muy espectacular, que es utilizado por su interés ornamental en la jardinería de las zonas cálidas de la islas. Oriunda de Brasil, Argentina, Uruguay y América Tropical.", ,377232.646,3149990.898,-16.2540559896,28.4707392218
4.0,ABC,SÍ,5.0,Bignoniaceae,Jacaranda mimosaefolia,Jacaranda,"Árbol de floración azul-violeta muy espectacular, que es utilizado por su interés ornamental en la jardinería de las zonas cálidas de la islas. Oriunda de Brasil, Argentina, Uruguay y América Tropical.", ,377317.566,3150261.693,-16.2532175535,28.4731910077
5.0,ABC,SÍ,76.0,Phytolaccaceae,Phytolacca dioica,Ombú,"Árbol portentoso de más de 10 m. de alto, con tronco muy ensanchado.Hojas de color verde lustroso, con el nervio central marcado. Inflorescencias blanquecinas, péndulas, y frutos en forma de baya amarillenta.Oriunda de Argentina, Uruguay y Brasil", ,377308.079,3150141.401,-16.2533016316,28.472104539
6.0,ABC,NO,67.0,Fabaceae,Tipuana tipu,Palo rosa,"Árbol caducifolio, con hojasimparipinnadas de color verde amarillento. Inflorescencias terminales con flores de color amarillo o anaranjado. El fruto alado, es una sámara indehiscente. Oriunda de Brasil, Bolivia y Argentina", ,377217.355,3150183.18,-16.2542326513,28.4724730312
7.0,ABC,Sí,49.0,Bombacaceae,Ceiba pentandra,Ceiba,"Árbol excelso de hasta 30 m. de altura, con tronco liso y espinoso. Hojas caducifolias de súbita aparición. Sus frutos contienen una lana, utilizada como aislante y de sus semillas aceite comestible y como combustible. Oriunda de América tropical.", ,377257.918,3150268.154,-16.2538274346,28.4732436995
8.0,ABC,SÍ,31.0,Apocynaceae,Thevetia peruviana,Cascabel,"Arbusto de frutos tóxicos y llamativas flores amarillas. Relacionada botánicamente con la adelfa, es conocida también como ""adelfa amarilla"". Se planta aislada o en setos. Oriunda de Méjico y América tropical.", ,377169.522,3150239.019,-16.2547271272,28.4729724438
9.0,ABC,SÍ,18.0,Bignoniaceae,Spathodea campanulata,Tulipero del Gabón,"Árbol muy utilizado en la jardinería clásica canaria, especialmente en zonas cálidas por sus espectaculares flores rojas. Más rara es la variedad de flores amarillas o anaranjadas. Oriunda de África tropical occidental.", ,377293.022,3150083.771,-16.2534492696,28.4715830394
10.0,ABC,SÍ,18.0,Bignoniaceae,Spathodea campanulata,Tulipero del Gabón,"Árbol muy utilizado en la jardinería clásica canaria, especialmente en zonas cálidas por sus espectaculares flores rojas. Más rara es la variedad de flores amarillas o anaranjadas. Oriunda de África tropical occidental.", ,377159.539,3150200.409,-16.2548249668,28.4726230671
11.0,ABC,SÍ,18.0,Bignoniaceae,Spathodea campanulata,Tulipero del Gabón,"Árbol muy utilizado en la jardinería clásica canaria, especialmente en zonas cálidas por sus espectaculares flores rojas. Más rara es la variedad de flores amarillas o anaranjadas. Oriunda de África tropical occidental.", ,377144.398,3150122.819,-16.2549713269,28.4719214291
12.0,ABC,NO,66.0,Mimosaceae,Pithecellobium dulce,Guamochil,"Árbol de hasta 20 m. de alto, de corteza gris y una parv de espinas en la base de las hojas. Tiene interés maderero, forrajero y de sus frutos en vaina se obtiene una pulpa comstible agridulce, que rodea las semillas. Oriunda de América tropical.", ,377214.558,3150167.916,-16.2542595901,28.4723350177
13.0,ABC,SÍ,60.0,Meliaceae,Cedrela odorata,Cedro de Cuba,"Árbol de corteza gris-marrón, con fisuras irregulares. Hojas pinnadas agrupadas en el extremo de las ramas, de las que penden racimos los frutos colgantes: una cápsula leñosa que se abre en 5 valvas. Uso en caja de puros. Oriunda de América Central.", ,377249.695,3150084.261,-16.2538918193,28.4715833822
14.0,ABC,SÍ,17.0,Verbenaceae,Citharexylum quadrangulare,Bella sombra,"Árbol con aspecto de limonero, reconocible por sus inflorescencias, racimos axilares de color blanco. Oriundo de las Antillas y norte de Sudamérica.", ,377130.43,3150117.379,-16.2551134017,28.4718710193
15.0,ABC,SÍ,21.0,Ginkgoaceae,Ginkgo biloba,Ginkgo,"Árbol que puede alcanzar los 30 metros de altura, considerado por su rareza y antigüedad botánica, un fósil viviente. Las hojas bilobuladas, caducifolias, tiene propiedades medicinales. El fruto es comestible. Oriunda de China.", ,377110.454,3150147.416,-16.2553206212,28.4721402051
16.0,ABC,SÍ,30.0,Combretaceae,Terminalia catappa,Almendrón,"Árbol de frutos comestibles de los que además se obtiene aceite también comestible. Utilizado en zonas próximas al mar por su resistencia a la salinidad. Oriunda de Madagascar, India y Malasia.", ,377143.752,3150215.031,-16.2549877601,28.4727535354
17.0,ABC,SÍ,72.0,Caesalpiniaceae,Caesalpinea cacalaco,Cascalote,"Árbol de unos 8 m. de alto, con espinas. Inflorescencias de llamativas flores amarillas, matizadas de rojo. De sus frutos se obtienen sustancias  colorantes. Oriunda del sur de Méjico.", ,377254.668,3150198.195,-16.2538531717,28.4726120483
18.0,ABL,SÍ,46.0,Arecaceae,Chamaerops humilis,Palmito,"Palmerita o ""palmito"" con numeroso troncos y hojas abanicadas de color verde azulado y pecíolo espinoso. El cogollo es comestible como ensalada. Oriunda de la región mediterránea excepto Egipto.", ,377231.705,3150248.253,-16.2540930301,28.4730616343
19.0,ABL,SÍ,61.0,Arecaceae,Howea forsteriana,Kentia,"Muy popular, por ser una de las palmeras más utilizadas como ornamental, especialmente en interiores. Estípite no ensanchado, de color verde al principio y con anillas. oriunda de la isla de Lord Howe.", ,377211.556,3150093.527,-16.2542823195,28.4716634112
20.0,ABL,SÍ,2.0,Arecaceae,Phoenix canariensis,Palmera canaria,"Endemismo canario, símbolo vegetal del archipiélago. Resulta nuestra mejor embajadora en todo el mundo templado por su magnífico porte ornamental. Palmera dioica con numerosos usos tradicionales, miel de palma, cestería, colmenas, etc.", ,377300.051,3150093.576,-16.2533785271,28.4716721863
21.0,ABL,SÍ,2.0,Arecaceae,Phoenix canariensis,Palmera canaria,"Endemismo canario, símbolo vegetal del archipiélago. Resulta nuestra mejor embajadora en todo el mundo templado por su magnífico porte ornamental. Palmera dioica con numerosos usos tradicionales, miel de palma, cestería, colmenas, etc.", ,377169.049,3150102.688,-16.2547174194,28.47174208
22.0,ABL,SÍ,34.0,Arecaceae,Phoenix reclinata,Palmera de Senegal,"Palmera de troncos múltiples, como puede observarse en el ejemplar que crece en el Parque García Sanabria. Oriunda de África tropical.", ,377161.337,3150211.929,-16.2548078323,28.4727271987
23.0,ABL,SÍ,71.0,Arecaceae,Dypsis lutescens,Palma frutos de oro,"Palmera que crece en manojos o fascículos con varios estípites, de hasta 9 m. de alto, anillados y de color amarillento. Muy utilizada como ornamental, incluso en condiciones de interior. Oriunda de Madagascar.", ,377098.535,3150190.655,-16.2554469639,28.4725292917
24.0,ABL,SÍ,4.0,Dracaenaceae,Dracaena draco,Dracaena draco,"Símbolo vegetal de la Isla de Tenerife. Cultivado desde hace siglos por su interés ornamental y las propiedades casí míticas de la ""sangre de drago"", usada como fortaleciente de encías y tinte. Endemismo de Canarias, Madeira y Cabo Verde.", ,377254.95,3150238.819,-16.2538546209,28.4729786863
25.0,ABL,Sí,74.0,Arecaceae,Cocos nucifera,Cocotero,"Palmera con tronco frecuentemente inclinado, con anillos espaciados. Hojas de color verde amarillento y frutos cubiertos de fibras, con pulpa comestible, los apreciados cocos. Planta con numerosos usos. Oriunda de Melanesia tropical.", ,377312.963,3150169.633,-16.2532547583,28.4723597785
26.0,ABL,SÍ,35.0,Cycadaceae,Cycas circinalis,Sagú,"Típica ""palmerita"" de la familia de las cicas, muy utilizada en jardinería. Oriunda del sur de la India, Ceilán, Sumatra y Filipinas.", ,377167.484,3150210.786,-16.2547449306,28.472717463
27.0,ABL,SÍ,9.0,Arecaceae,Livistona chinensis,Palmera china de abanico,"Palmera de hojas en forma de abanico, también utilizada como planta de interior. Oriunda de la China, Japón, islas de Ryukyu y Taiwán.", ,377197.207,3150065.54,-16.2544258818,28.4714094908
28.0,ABL,SÍ,78.0,Arecaceae,Roystonea regia,Palmera real,Palmera de usop ornamental con portes de jasta 15 m. de alto. Estípite de color blanco-grisáceo liso y con la base de las hojas formando un capitel de color  verde. En el parque a lo largo de diagonales del paseo  Domingo Pérez Minik. Oriunda de Cuba, ,377218.028,3150154.102,-16.2542226783,28.4722106801
29.0,ABL,SÍ,24.0,Arecaceae,Washingtonia filifera,Palmera abanico californiana,"Palmera con estípe más grueso que la especie robusta, pero también con grandes hojas en forma de abanico y con uso frecuente en jardinería. Oriunda de Méjico, Arizona y Baja California.", ,377139.279,3150156.471,-16.2550271967,28.4722246392
30.0,ABL,SÍ,23.0,Arecaceae,Washingtonia robusta,Palmera abanico mejicana,Palmera estilizada con grandes hojas en forma de abanico. Utilizada en muchas regiones del mundo por su interés ornamental. Crece rápidoy se planta aisladao en alineación.Oriunda del noroeste de Méjico y Baja California., ,377143.238,3150174.154,-16.2549886495,28.4723845925
31.0,ABL,SÍ,63.0,Arecaceae,Veicthia merrillii,Palma de Manila,"Palmera de estípite liso, grisáceo y con anillos muy juntos. Sus inflorescencias crecen debajo del capitel. Oriunda de Filipinas.", ,377236.062,3150267.267,-16.2540505582,28.4732336365
32.0,ABL,SÍ,64.0,Arecaceae,Archontophoenix alexandrae,Palmera elegante,"Palmera de hasta 10 metros, con tronco liso y no ensanchado en la base. Oriunda del este de Australia.", ,377204.733,3150140.434,-16.2543570034,28.4720860809
33.0,ABL,SÍ,8.0,Arecaceae,Caryota urens,Palmera cola de pescado,"Palmera de porte elegante, antaño rara en la isla, se ha extendido en jardinería por su interés ornamental. De su savia se obtienen bebidas alcohólicas por fermentación. Oriunda de la India, Sri Lanka y Birmania.", ,377210.651,3150060.234,-16.2542880132,28.4713628732
34.0,ABL,NO,27.0,Cycadaceae,Macrozamia moreii,Macrozamia,"""Palmerita"" de la familia de las cicas y de las palmeras sagú, utilizado en jardinería por su porte palmeriforme, muy estético. Oriunda del este de Australia.", ,377143.316,3150192.6,-16.2549898204,28.4725510658
35.0,ABL,SÍ,62.0,Arecaceae,Hyophorbe verschaffeltii,Mascarena,"Palmera de estípite fusiforme, liso y anillado. Las bases de las hojas ensanchadas, conforman un capitel verdoso de base engrosada. Oriunda de las Islas Mascarenas.", ,377202.943,3150108.525,-16.2543718828,28.4717979494
36.0,ABL,Sí,77.0,Araliaceae,Schefflera actinophylla,Árbol de los paraguas,"Árbol siempreverde muy ramificado, con las hojas palmaticompuestas de color verde oscuro, desplegadas a modo de paraguas. Flores sésiles, rojizas, dispuestas en espigas apicales actiniformes, como un pulpo. Oriunda de Australia, Java y Nueva Guinea", ,377292.343,3150117.808,-16.2534598303,28.4718901426
37.0,ABP,SÍ,33.0,Sterculiaceae,Brachychiton populneus,Brachichito blanco,Árbol con flores agrupadas en racimos de color crema. Oriunda de Australia., ,377150.773,3150222.612,-16.2549168627,28.4728226119
38.0,ABP,SÍ,51.0,Moraceae,Ficus microcarpa,Laurel de Indias,"Árbol de magnífica copa siempreverde, ampliamente utilizado en plazas de Canarias, como árbol de sombra. Los más antiguos de Canarias en la PLaza del Príncipe de Asturias y en los Llanos de Aridane en La Palma. Oriunda  de Asia tropical y Malasia.", ,377288.698,3150313.936,-16.2535179522,28.4736597574
39.0,ABP,SÍ,51.0,Moraceae,Ficus microcarpa,Laurel de Indias,"Árbol de magnífica copa siempreverde, ampliamente utilizado en plazas de Canarias, como árbol de sombra. Los más antiguos de Canarias en la PLaza del Príncipe de Asturias y en los Llanos de Aridane en La Palma. Oriunda  de Asia tropical y Malasia.", ,377095.991,3150148.698,-16.2554684688,28.4721504109
40.0,ABP,SÍ,48.0,Rutaceae,Casimiroa edulis,Sapote blanco,"Árbol con hojas digitadas y frutos comestibles, con forma redondeada, sabor dulce y ricos en vitamina A y C. Oriunda de Méjico, y Centroamérica.", ,377230.435,3150267.169,-16.2541080171,28.4732322221
41.0,ABP,SÍ,19.0,Caesalpiniaceae,Ceratonia siliqua,Algarrobo,"Árbol mediterráneo de hojas compuestas paripinnadas, cuyos frutos en forma de legumbre se utilizan como forraje. Oriunda del Mediterráneo oriental.", ,377130.091,3150145.768,-16.2551198923,28.4721271839
42.0,ABP,Sí,28.0,Moraceae,Ficus benghalensis,Higuera de Bengala,"Árbol sagrado en la India, con frutos llamativos cuando están maduros de color rojo y hojas lustrosas verde oscuras. Oriunda de la India, Pakistán y Bangladesh.", ,377139.67,3150204.357,-16.2550283113,28.4726568232
43.0,ABP,SÍ,38.0,Moraceae,Ficus elastica,Árbol del caucho,"Árbol siempreverde de grandes hojas coriáceas, también llamado ""gomero"" ya que de su latex se obtiene goma o caucho. Oriunda de Asia tropical.", ,377127.086,3150207.66,-16.255157185,28.4726854449
44.0,ABP,SÍ,37.0,Proteaceae,Grevillea robusta,Pino de oro,"Árbol de hojas bipinnadas, con hojas verdes por el haz y plateado-tormentosas por el envés. La espectacular floración amarillo-áurea, justifica su nombre vulgar.Frecuente en los jardines de Santa Cruz. Oriunda del este de Australia.", ,377196.738,3150200.868,-16.2544450998,28.4726307144
45.0,ABP,SÍ,15.0,Malvaceae,Lagunaria patersonii,Árbol pica pica,"Árbol relativamente frecuente en nuestros jardines, con hojas grises y floressolitarias de color rosa. Oriunda de Australia, islas de Norfolk y Lord Howe.", ,377141.861,3150111.433,-16.2549960228,28.4718184371
46.0,ABP,SÍ,20.0,Oleaceae,Olea europaea,Olivo,"Árbol de hojas lanceoladas, opuestas, verdes por el haz y blanquecinas. Vinculado a la cultura mediterránea, su polen es alergógeno, especialmente en áreas de cultivo masivo y su fruto, la oliva, es generadora de aceite. Región Mediterránea.", ,377125.255,3150152.277,-16.2551699768,28.4721854685
47.0,ABP,SÍ,1.0,Anacardiaceae,Schinus molle,Falso pimentero,"Árbol muy utilizado en la jardinería canaria, con ramajo péndulo a modo de sauce llorón. Sus frutos, con pepitas han sido utilizados para adulterar la pimienta negra. Oriunda de Méjico y América Tropical.", ,377335.603,3150093.248,-16.2530154002,28.4716725723
48.0,ABP,SÍ,22.0,Sterculiaceae,Brachychiton acerifolius,Árbol botella,"Árbol caducifolio de floración rojiza espectacular, que precede a la aparición de las hojas. Oriunda de Australia.", ,377159.538,3150145.065,-16.2548190745,28.472123615
49.0,ABP,SÍ,25.0,Casuarinaceae,Casuarina equisetifolia,Casuarina,"Conocido por ""pino marítimo"" debido a su porte, que recuerda vagamente al de un pino, y resistencia a la salinidad. Es utilizado en algunas zonas del Archipiélago como cortavientos y fijador de dunas. Oriunda de Australia, suroeste de Asia y Polinesia.", ,377158.488,3150174.019,-16.2548328862,28.4723848115
50.0,ABP,SÍ,36.0,Moraceae,Ficus macrophylla,Banyán australiano,"Árbol de la familia de las higueras, de gran porte, que caracteriza el paseo próximo a la calle Dr. José Naveiras. Uno de  sus cultivares es muy utilizado por la profusa emisión de raíces aéreas. Originaria de Australia.", ,377367.153,3150122.854,-16.2526963326,28.4719427204
51.0,ABP,SÍ,36.0,Moraceae,Ficus macrophylla,Banyán australiano,"Árbol de la familia de las higueras, de gran porte, que caracteriza el paseo próximo a la calle Dr. José Naveiras. Uno de  sus cultivares es muy utilizado por la profusa emisión de raíces aéreas. Originaria de Australia.", ,377291.273,3150321.908,-16.2534925026,28.4737319432
52.0,ABP,SÍ,36.0,Moraceae,Ficus macrophylla,Banyán australiano,"Árbol de la familia de las higueras, de gran porte, que caracteriza el paseo próximo a la calle Dr. José Naveiras. Uno de  sus cultivares es muy utilizado por la profusa emisión de raíces aéreas. Originaria de Australia.", ,377207.909,3150130.228,-16.2543234788,28.471994276
53.0,ABP,SÍ,80.0,Proteaceae,Stenocarpus sinuatus,Rueda de fuego,"Árbol de hasta 40 m. de altoo. La corteza es café grisácea, es irregular y no es lisa. El tronco cilíndrico tiene la base rebordeada. Hojas simpleso pinnatífidas, con márgenes ondulados. Las flores ornamentales, rojas. Oriunda de Australia.", ,377301.519,3150074.458,-16.253361498,28.471499794
54.0,ABP,SÍ,16.0,Caesalpiniaceae,Tamarindus indica,Tamarindo,"Árbol apreciado por la pulpa comestible de sus frutos y ciertos usos en ebanistería. Algunos de los ejemplares presentes en el Parque, ya existían en las fincas previas a su construcción. Oriunda de África tropical e India.", ,377136.449,3150103.555,-16.2550504551,28.471746832
55.0,ABP,SÍ,16.0,Caesalpiniaceae,Tamarindus indica,Tamarindo,"Árbol apreciado por la pulpa comestible de sus frutos y ciertos usos en ebanistería. Algunos de los ejemplares presentes en el Parque, ya existían en las fincas previas a su construcción. Oriunda de África tropical e India.", ,377266.479,3150291.021,-16.2537424368,28.473450869
56.0,ABP,SÍ,73.0,Meliaceae,Swietenia mahagoni,Caobo de Antillas,"Árbol de hasta 25 m. de altura, con fruto en cápsula recta de color marrón oscuro o negro, que se abre en cuatro o cinco valvas. Madera muy apreciada en ebanistería. Oriunda de Florida y Antillas.", ,377254.05,3150212.427,-16.2538610001,28.4727404268
57.0,ABP,SÍ,26.0,Meliaceae,Swietenia macrophylla,Caobo,"Árbol cuyo principal interés reside en que su madera pardo-rojiza, considerada la mejor del mundo para ebanistería. Oriunda de Honduras.", ,377145.186,3150208.119,-16.2549723773,28.4726912933
58.0,ABP,SÍ,53.0,Sterculiaceae,Brachychiton x roseus,Brachichito rosado,"Taxón híbrido entre dos especies presentes también en el parque: B. acerifolius, el árbol botella con flores rojas y B. populneus, el brachichito blanco, con flores color crema. El híbrido presenta flores de color rosado. Oriunda de Australia.", ,377304.52,3150281.812,-16.2533529372,28.4733713437
59.0,ABP,SÍ,52.0,Myrtaceae,Pimenta dioica,Pimienta de Jamaica,Árbol de frutos y hojas medicinales. Los primeros son utilizados como condimento. Como curiosidad se ha incorporado ahora a la flora del Parque. Oruinda de Méjico y Centroamérica., ,377305.292,3150297.116,-16.253346683,28.4735095274
60.0,ABP,SÍ,6.0,Euphorbiaceae,Hura crepitans,Jabillo,Árbol monoico utilizado para hacer canoas. Sus semillas crudas son venenosas; asadas son comestibles. Oriunda de las Antillas y América Tropical., ,377270.213,3150295.887,-16.2537048194,28.4734951338
61.0,ABP,SÍ,6.0,Euphorbiaceae,Hura crepitans,Jabillo,Árbol monoico utilizado para hacer canoas. Sus semillas crudas son venenosas; asadas son comestibles. Oriunda de las Antillas y América Tropical., ,377231.553,3149997.298,-16.2540678344,28.4707968757
62.0,ABP,SÍ,14.0,Euphorbiaceae,Aleurites moluccana,Árbol candil,"Árbol relativamente raro en la isla. Además de ornamental, de sus frutos se obtiene un aceite con diversos usos, entre los que destaca la fabricación de velas. Oriunda de India, China, Thailandia y Filipinas.", ,377147.187,3150106.97,-16.2549411524,28.4717786627
63.0,ABP,SÍ,3.0,Myrtaceae,Eucalyptus chamaeldulensis,Eucalipto,Gran árbol que alcanza hasta los 60 metros de altura. Utilizado por su interés maderero. Oriunda de Australia., ,377280.546,3150044.977,-16.2535725536,28.4712317682
64.0,ABP,SÍ,7.0,Proteaceae,Macadamia ternifolia,Avellano de Australia,"Árbol cuyo principal interés reside en su fruto comestible, con aceites útiles. Oriunda de Australia.", ,377221.639,3150005.157,-16.2541699227,28.4708668656
65.0,ABP,SÍ,70.0,Sapindaceae,Harpullia pendula,Harpulia,"Árbol de hojas paripinnadas y fruto en cápsula biolobulada. Se trata de una especie rara en Canarias, que en su lugar de origen se usa a veces para construcciones. Oriunda de la India.", ,377245.075,3150203.094,-16.2539516678,28.4726553559
66.0,ABP,SÍ,81.0,Boraginaceae,Cordia sebestena,Nomeolvides,"Es un árbol conocido por sus flores, usadas en temáticas ornamentales en áreas tropicales y subtropicales. Hojas verdes oscuras, ovaladas y tiene frutos ovalados comestibles. Es oriunda del Caribe  y norte de Suramérica.", ,377194.142,3150244.06,-16.2544762182,28.4730202561
67.0,ABP,SÍ,47.0,Anacardiaceae,Mangifera indica,Mango,"Árbol tropical de hojas coriáceas, muy apreciado por sus frutos de sabor resinoso. Muchos santacruceros conocieron los mangs por el ejemplar presente en el parque, junto a la nueva cafetería. Oriunda de la India.", ,377223.112,3150261.564,-16.2541822103,28.47318095
68.0,ABP,SÍ,83.0,Moraceae,Ficus virens,Ficus verde,"Árbol de tamaño medio que crece hasta una altura de 8-10 metros en cultivo y hasta 35 metros en lugar de origen. Tiene una copa amplias, raíces aéreas y el tronco con la corteza lisa y tono gris. Oriunda de la India, sureste de Asia y norte de Austra", ,377199.417,3150252.462,-16.2544232398,28.4730965769
69.0,ABR,SÍ,82.0,Araucariaceae,Araucaria heterophylla,Araucaria,"Se trata de una conífera, cuyo nombre vernacular se debe a que este árbol, que no es un pino. Está ampliamente cultivado en todo el mundo por su valor ornamental, Oriundo de la Isla de Norfolk. Australia", ,377285.968,3150088.864,-16.2535218545,28.4716283372
70.0,ABR,SÍ,32.0,Pinaceae,Pinus canariensis,Pino canario,"Árbol excelente, que resiste los incendios, muy apreciado por su madera, nuestra genuina ""tea"", prácticamente incorruptible, de amplio uso en artesonados, vigas y puertas de la arquitectura tradicional canaria. Símbolo de la Palma. Endemismo canario.", ,377174.036,3150235.184,-16.2546806163,28.4729382602
71.0,ABR,SÍ,75.0,Pinaceae,Pinus halepensis,Pino carrasco,"Pino de hasta 20 m.  de altura, hojas aciculares en grupos de 2, de color verde claro. Piñas cónicas y pedunculadas. Especie muy utilizada en repoblaciones forestales de  zona baja y media de Canarias. Madera de baja calidad. Oriunda region mediterrán", ,377312.718,3150161.093,-16.2532563509,28.4722826862
72.0,BRC,Sí,85.0,Malvaceae,Hibiscus elatus,Majo,"Puede alcanzar lños 25 m de altura. Tronco recto de hojas anchas y verdosas, y flores grandes en forma de trompeta con 5 o más pétalos. Crece en lugares húmedos y su bella madera es usada para mobiliario y decoración. Oriunda de Jamaica y Cuba.", ,377240.765,3150025.177,-16.2539767243,28.4710493374
73.0,BRP,SÍ,86.0,Oleaceae,Ligustrum japonicum,Aligustre,"Porte bajo o medio,  entre 8 y 10 metros de altura como máximo. Frecuentemente se presenta en forma arbustiva, sirviendo entonces para formar setos. En forma de árbol tiene ramas rectas y lisas, y forma una copa globosa. Oriunda de Japón y Corea.", ,377185.752,3150158.65,-16.2545527989,28.472248683
74.0,BRP,SÍ,58.0,Salicaceae,Dovyalis caffra,Manzana cafres,"Arbusto o arbolillo de hasta 6 m. de alto, armado de espinas y hojas fasciculadas. Frutos comestibles, amarillentos, de aspecto parecido a una ciruela. Oriunda de África del sur.", ,377291.184,3150090.548,-16.253468763,28.4716440255
75.0,BRP,SÍ,55.0,Apocynaceae,Plumeria rubra,Flor de cera,"Árbol de hasta 10 m. con la corteza lisa y hojas verdes por el haz y glaucas por el envés. Recibe el nombre comun del aspecto de sus flores, de color blanco o rosado, con la garganta amarilla.  Muy frecuente es Canarias. Oriunda de América central.", ,377336.957,3150178.55,-16.253010656,28.4724425082
76.0,BRP,SÍ,56.0,Bignoniaceae,Tecoma stans,Roble amarillo,"Arbusto con flores tubuloso-acampanadas. de color amarillo, que dan lugar a un fruto en cápsula linear persistente. Oriundo de América, desde Arizona hasta el norte de Argentina.", ,377328.501194,3150115.47996,-16.2530902986,28.4718725364
77.0,HER,SÍ,40.0,Pandanaceae,Pandanus utilis,Pándano,"Árbol dioico de ramificación dicótoma y copa piramidal. Su infrutescencia tiene forma de piña, comestible, pero de baja calidad. Oriunda de Madagascar.", ,377208.876,3150239.362,-16.2543252374,28.472979247
78.0,ABC,SÍ,10.0,Paaceae,Bambusa sp,Bambú,"Fáciles de reconocer con su aspecto de cañas, son utilizados en setos y paseos abovedados, aportando un agradable frescor en los días más calurosos. Oriunda de Asia tropical.", ,377189.772803,3150083.98318,-16.2545037733,28.4715752309
79.0,ABL,SÍ,42.0,Apocynaceae,Nerium Oleander,Adelfa,"Arbusto de hojas coriáceas, lanceoladas. Inflorescencias terminales con numerosas flores sencillas o dobles, siempre vistosas: blancas, rojas y crema. Tolera bien la poda y la sequía, siendo frecuente en jardinería. Especia muy tóxica. Oriunda de Bra", ,377227.373998,3150189.28615,-16.2541309776,28.4725290799
80.0,ABL,SÍ,43.0,Nyctaginaceae,Bougainvillea spectabilis,Buganvilla,"Arbusto trepador muy utilizado por la espectacular coloración de sus brácteas florales, de vistosos colores: violeta, rosa, rojo, anaranjado, amarillo, blanco y crema. EN el parque en Paseo Manuel Bonnin Guerin con pérgolas. Oriunda de Madagascar.", ,377212.388568,3150222.69961,-16.2542875868,28.4728292082
81.0,ABL,SÍ,11.0,Euphorbiaceae,Acalypha wilkesiana,Acalifa,"Arbusto con vistosas hojas variegadas, muy utilizado como seto en la jardinería tradicional canaria. debido a que se deja moldear y crece muy rápido, tras ser podado. Oriunda de Polinesia.", ,377174.130149,3150090.94808,-16.2546642739,28.4716366118
82.0,ABL,SÍ,12.0,Arecaceae,Phoenix dactylifera,Palmera datilera,"Palmera ampliamente cultivada por sus frutos comestibles, los dátiles. Oriunda de oeste de Asia y Norte de África.", ,377165.28227,3150098.57803,-16.2547554507,28.4717046347
83.0,ABL,SÍ,29.0,Verbenaceae,Duranta repens,Tala Blanca,"Arbusto ramificado de flores pequeñas y delicado color lila, con frutos amarillo-anaranjados en la madurez. Oriunda de América del sur.", ,377130.220634,3150203.25141,-16.2551247004,28.4726459551
84.0,ABL,SÍ,41.0,Myrtaceae,Eugenia uniflora,Pitanga,"Arbusto de hojas opuestas y rojizas cuando jóvenes, que se tornan progresivamente verdes, más oscuras por el haz y claras por el envés. Sus frutos rojizos son comestibles. Oriunda de Brasil. Argentina y Uruguay.", ,377199.975891,3150222.00012,-16.254414284,28.4728217263
85.0,ABL,SÍ,59.0,Caesalpiniaceae,Bauhinia variegata,Árbol orquídea,"Arbolito caducifolio de hasta 7 m. de altura, también llamado ""pata de vaca"" debido a la forma de pezuña que tienen sus hojas. Flores muy llamativas de color branco, rosa o púrpura, Utilizado por su valor ornamental. Oriuenda de la India y China.", ,377279.884813,3150089.10205,-16.2535840073,28.4716299127
86.0,ABL,SÍ,65.0,Arecaceae,Sabal minor,Palmeto enano,"Palmera copn tronco subterráneo o que sobresale un poco, de hojas palmeadas con el ápice de los foliolos bíficos. Oriunda del sureste de Estados Unidos.", ,377199.736833,3150142.87646,-16.2544082897,28.4721076522
87.0,ABC,NO,68.0,Minosaceae,Enterolobium contortisiliquum,Morong,"Árbol caducifolio de hasta 20 m. de alto, de hojas bipinnadas. Fruto en legumbre retorcida, auricular y de color negro, por eso el nombre de ""oreja de negro. La corteza y sus frutos se usan como sustituto al jabón. Oriunda de Brasil, Bolivia y Argentin", ,377263.037035,3150219.95872,-16.2537700173,28.4728092431
88.0,ABL,NO,69.0,Arecaceae,Brahea armata,Palmera azul,"Palmera de hasta 12 m. de alto, con el tronco ensanchado hacia la base. Hojas en forma de abanico, de un color verde  azulado, del que toma su nombre común y por el que se aprecia como ornamental. Oriunda del noroeste de Méjico y Baja California.", ,377241.877996,3150211.94712,-16.2539852626,28.4727349499
89.0,ABL,SÍ,11.0,Euphorbiaceae,Acalypha wilkesiana,Acalifa,"Arbusto con vistosas hojas variegadas, muy utilizado como seto en la jardinería tradicional canaria. debido a que se deja moldear y crece muy rápido, tras ser podado. Oriunda de Polinesia.", ,377245.445202,3150034.76046,-16.2539299471,28.4711362641
90.0,ABL,SÍ,84.0,Arecaceae,Bismarckia nobilis,Palmera de Bismarck,"Árbol con tronco de color gris con hendiduras anilladas. Los pecíolos tienen entre 2 y 3 metros de largo, ligeramente armados y están cubiertos en un color blanco de cera o de color canela. Oriunda de Madagascar.", ,377320.528218,3150111.01726,-16.2531712513,28.4718315124
91.0,ABL,SÍ,87.0,Arecaceae,Phoenix roebelenii,Palmera enana,"Altura máxima de 5 m, pero generalmente su tronco no mide más de 1 m de altura. Sus hojas son pinnatisectas. Sus flores son diminutas, amarillentas, producidas en una inflorescencia de 45 cm de largo. Oriunda de Asia y suroeste de China.", ,377313.782138,3150300.55512,-16.2532603382,28.4735413629
